Inmobiliaria;Código;Fecha Scraping;Título;Precio;Dirección;URL;URL Imagen
LEANDRO GARCÍA SOLUCIONES INMOBILIARIAS;LHO4974167;2025-02-14 01:39:24;Casa en Venta en Lanús Este, Lanús;USD65.000;Cordoba  al 2200;https://www.leandrogarcia.com.ar/p/4974167-Casa-en-Venta-en-Lan%C3%BAs-Este-Cordoba--al-2200;https://static.tokkobroker.com/pictures/38131301291434728527800793722122863069178193175407096201574336901372993198768.jpg
LEANDRO GARCÍA SOLUCIONES INMOBILIARIAS;ZP-M-45449053;2025-02-14 01:39:24;Casa en Venta en Lanús Este, Lanús;USD79.000;Av. 9 de julio 3856;https://www.leandrogarcia.com.ar/p/3759107-Casa-en-Venta-en-Lan%C3%BAs-Este-Av.-9-de-julio-3856;https://static.tokkobroker.com/pictures/88201054677811056437564888664064300296073378662049542001461170700398045954444.jpg
Elisabet Costa Propiedades;EHO4867736;2025-02-14 01:39:37;Casa en Venta en Lanús Este, Lanús;USD73.000;Ituzaingo al 2200;https://www.elisabetcostaprop.com.ar/p/4867736-Casa-en-Venta-en-Lan%C3%BAs-Este-Ituzaingo-al-2200;https://static.tokkobroker.com/water_pics/441088226607913579363930942664557496720452942392485593046537581046022455091727271.jpg
Elisabet Costa Propiedades;EHO3607088;2025-02-14 01:39:37;Casa en Venta en Lanús, Lanús;USD80.000;San Lorenzo al 2000;https://www.elisabetcostaprop.com.ar/p/3607088-Casa-en-Venta-en-Lan%C3%BAs-San-Lorenzo-al-2000;https://static.tokkobroker.com/water_pics/441076295055357176805280485053128152970205310123408067396732659696629386111340165.jpg
Elisabet Costa Propiedades;EHO4871773;2025-02-14 01:39:37;Casa en Venta en Lanús Este, Lanús;USD71.900;Bolaños al 1300;https://www.elisabetcostaprop.com.ar/p/4871773-Casa-en-Venta-en-Lan%C3%BAs-Este-Bola%C3%B1os-al-1300;https://static.tokkobroker.com/water_pics/441066534143732359474676305296015684168725784178190218917597960392715984055024702.jpg
Elisabet Costa Propiedades;EHO6080638;2025-02-14 01:39:37;Casa en Venta en Lanús Este, Lanús;USD50.000;Pergamino al 1213;https://www.elisabetcostaprop.com.ar/p/6080638-Casa-en-Venta-en-Lan%C3%BAs-Este-Pergamino-al-1213;https://static.tokkobroker.com/water_pics/93222190840661234181255558206188110744376731060122125680680100653896562582342.jpg
Elisabet Costa Propiedades;BP00285191;2025-02-14 01:39:37;Casa en Venta en Lanús Este, Lanús;USD75.000;Ohiggins al 800;https://www.elisabetcostaprop.com.ar/p/1104177-Casa-en-Venta-en-Lan%C3%BAs-Este-Ohiggins-al-800;https://static.tokkobroker.com/w_pics/1104177_35567067587831597811311237980495593902959960440403605296208944734089831354965.jpg
Elisabet Costa Propiedades;EHO6373663;2025-02-14 01:39:37;Casa en Venta en Lanús Este, Lanús;USD59.000;Bolaños  al 1300;https://www.elisabetcostaprop.com.ar/p/6373663-Casa-en-Venta-en-Lan%C3%BAs-Este-Bola%C3%B1os--al-1300;https://static.tokkobroker.com/w_pics/6373663_93201673916834995726236251073616808461886988233975835293310739595351943459985.jpg
Elisabet Costa Propiedades;EHO6117629;2025-02-14 01:39:37;Casa en Venta en Lanús Este, Lanús;USD53.000;Blanco Encalada  al 1400;https://www.elisabetcostaprop.com.ar/p/6117629-Casa-en-Venta-en-Lan%C3%BAs-Este-Blanco-Encalada--al-1400;https://static.tokkobroker.com/water_pics/668411209809370606019251925599751265571467635488038385742232112938947703920.jpg
Elisabet Costa Propiedades;EHO4768537;2025-02-14 01:39:37;Casa en Venta en Remedios De Escalada, Lanús;USD63.000;Albariños al 2700;https://www.elisabetcostaprop.com.ar/p/4768537-Casa-en-Venta-en-Remedios-De-Escalada-Albari%C3%B1os-al-2700;https://static.tokkobroker.com/water_pics/441082530389322419677427764140775042764305325563284453947140708284252127804552708.jpg
Elisabet Costa Propiedades;EHO4681694;2025-02-14 01:39:37;Casa en Venta en Lanús, Lanús;USD75.000;Esquiu al 1000;https://www.elisabetcostaprop.com.ar/p/4681694-Casa-en-Venta-en-Lan%C3%BAs-Esquiu-al-1000;https://static.tokkobroker.com/water_pics/44103389526709497844462496854485524380795167050216847288220955487668596120447986.jpg
Devetac Propiedades;DHO5619466;2025-02-14 01:39:47;Casa en Venta en Remedios De Escalada, Lanús;USD60.000;CASA VENTA 3 AMBIENTES Catamarca 4424 (REMEDIOS DE ESCALADA);https://www.devetacprop.com.ar/p/5619466-Casa-en-Venta-en-Remedios-De-Escalada-Catamarca-al-4400;https://static.tokkobroker.com/pictures/97789408353916298027978191635374717290152889414461139332765020696402860977326.jpg
Devetac Propiedades;DHO4095128;2025-02-14 01:39:47;Casa en Venta en Remedios De Escalada, Lanús;USD65.000;DEPARTAMENTO TIPO CASA VENTA 3 AMBIENTES JUAN DIAZ DE SOLIS 3582 (REMEDIOS DE ESCALADA);https://www.devetacprop.com.ar/p/4095128-Casa-en-Venta-en-Remedios-De-Escalada-SOLIS-al-3500;https://static.tokkobroker.com/pictures/1417114076416266976141168559227802156751158634851924949578250890999695957503.jpg
Devetac Propiedades;DHO6578797;2025-02-14 01:39:47;Casa en Venta en Remedios De Escalada, Lanús;USD69.000;CASA 4 AMBIENTES VENTA EN 1 DE MAYO  2422 (REMEDIOS DE ESCALADA);https://www.devetacprop.com.ar/p/6578797-Casa-en-Venta-en-Remedios-De-Escalada-1-DE-MAYO--al-2400;https://static.tokkobroker.com/pictures/6578797_61633251040916004123496628294032070117481906412537066485640938382521076490084.jpg
Devetac Propiedades;DHO5833128;2025-02-14 01:39:47;Casa en Venta en Remedios De Escalada, Lanús;USD69.900;CASA DE 5 AMB VENTA EN Leon Ortiz de Rozas 3767  (Remedios de Escalada);https://www.devetacprop.com.ar/p/5833128-Casa-en-Venta-en-Remedios-De-Escalada-Leon-Ortiz-de-Rozas-al-3700;https://static.tokkobroker.com/pictures/114439150015611352621241295617036325887506483113741052114427101352786802106461.jpg
Lanzillotto Propiedades;LHO5265255;2025-02-14 01:40:17;Casa en Venta en Gerli, Lanús;USD59.000;Basavilbaso  al 400;https://www.lanzillottoprop.com.ar/p/5265255-Casa-en-Venta-en-Gerli-Basavilbaso--al-400;https://static.tokkobroker.com/water_pics/15971702789899824195818854884169470576776933737376180250906577224326925553865.jpg
Lanzillotto Propiedades;LHO6526882;2025-02-14 01:40:17;Casa en Venta en Lanús Este, Lanús;USD48.000;Hector Guidi al 800;https://www.lanzillottoprop.com.ar/p/6526882-Casa-en-Venta-en-Lan%C3%BAs-Este-Hector-Guidi-al-800;https://static.tokkobroker.com/w_pics/6526882_109459543274785410541266425380406099222673891789618284947702127037120261928201.jpg
Lanzillotto Propiedades;LHO4503557;2025-02-14 01:40:17;Casa en Venta en Lanús Este, Lanús;USD79.000;Eva Perón Nº al 1600;https://www.lanzillottoprop.com.ar/p/4503557-Casa-en-Venta-en-Lan%C3%BAs-Este-Eva-Per%C3%B3n-N%C2%BA-al-1600;https://static.tokkobroker.com/water_pics/95002331560620161022804910493827110470007032906478374735783902374297682305233.jpg
Lanzillotto Propiedades;LHO6046867;2025-02-14 01:40:17;Casa en Venta en Lanús Este, Lanús;USD75.000;Gral Nazar  al 500;https://www.lanzillottoprop.com.ar/p/6046867-Casa-en-Venta-en-Lan%C3%BAs-Este-Gral-Nazar--al-500;https://static.tokkobroker.com/w_pics/6046867_36086302591540821750508324257448665876497944289957830614397737910512289509231.jpg
Lanzillotto Propiedades;LHO1046185;2025-02-14 01:40:17;Casa en Venta en Lanús Este, Lanús;USD75.000;Pringles al 2400 RESERVADO;https://www.lanzillottoprop.com.ar/p/1046185-Casa-en-Venta-en-Lan%C3%BAs-Este-Pringles-al-2400-RESERVADO;https://static.tokkobroker.com/w_pics/1046185_71243213877658809069279757470258505465987108069522327643593752661636512892676.jpg
Lanzillotto Propiedades;LHO2292113;2025-02-14 01:40:17;Casa en Venta en Lanús, G.B.A. Zona Sur;USD75.000;A. Illia y Cordoba;https://www.lanzillottoprop.com.ar/p/2292113-Casa-en-Venta-en-Lan%C3%BAs-A.-Illia-y-Cordoba;https://static.tokkobroker.com/water_pics/89773356000451188993453615950963722535241010477182061480725381938929267037017.jpg
CORDOMI Propiedades;CLA4814943;2025-02-14 01:40:27;Casa en Venta en Lanús Oeste, Lanús;USD62.000;Manuel Maza al 1500;https://www.cordomi.com.ar/p/4814943-Casa-en-Venta-en-Lan%C3%BAs-Oeste-Manuel-Maza-al-1500;https://static.tokkobroker.com/pictures/42752694802850417456109580258404810042026631540011531177175585008396517793005.jpg
CORDOMI Propiedades;CHO6335870;2025-02-14 01:40:27;Casa en Venta en Remedios De Escalada, Lanús;USD48.000;Palma  al 3300;https://www.cordomi.com.ar/p/6335870-Casa-en-Venta-en-Remedios-De-Escalada-Palma--al-3300;https://static.tokkobroker.com/pictures/6335870_67598492672349097895940257410041534615896883633750345301866355786391498599662.jpg
Alicia Modenesi;203-1084::ZP-M-43855683;2025-02-14 01:40:37;Casa en Venta en Lanús Este, Lanús;USD80.000;Salta 542;https://www.aliciamodenesi.com/p/6568945-Casa-en-Venta-en-Lan%C3%BAs-Este-Salta-542;https://static.tokkobroker.com/pictures/6568945_1154491537990878164932806825028544943483050860696502330904308016631690388009.jpg
Alicia Modenesi;AHO6621351;2025-02-14 01:40:37;Casa en Venta en Lanús Oeste, Lanús;USD80.000;Talcahuano al 2400;https://www.aliciamodenesi.com/p/6621351-Casa-en-Venta-en-Lan%C3%BAs-Oeste-Talcahuano-al-2400;https://static.tokkobroker.com/pictures/6621351_61806056867499560868414128514892400410645902695768158739949877431720984378956.jpg
Alicia Modenesi;AHO6676200;2025-02-14 01:40:37;Casa en Venta en Lanús Oeste, Lanús;USD70.000;Hector Noya 3375;https://www.aliciamodenesi.com/p/6676200-Casa-en-Venta-en-Lan%C3%BAs-Oeste-Hector-Noya-3375;https://static.tokkobroker.com/pictures/6676200_114178656494421738119646446999780987812114265229772453609183643437797881683463.jpg
Alicia Modenesi;AHO6670391;2025-02-14 01:40:37;Casa en Venta en Lanús Este, Lanús;USD60.000;Alvear 2200 esq. F.M Esquiú;https://www.aliciamodenesi.com/p/6670391-Casa-en-Venta-en-Lan%C3%BAs-Este-Alvear-2200-esq.-F.M-Esqui%C3%BA;https://static.tokkobroker.com/pictures/6670391_59529393497339862981012512268868980912843164153120268162336303188574875931271.jpg
Alicia Modenesi;ZP-M-54749097;2025-02-14 01:40:37;Casa en Venta en Lanús Oeste, Lanús;USD75.000;Coronel Delia 2481;https://www.aliciamodenesi.com/p/6568944-Casa-en-Venta-en-Lan%C3%BAs-Oeste-Coronel-Delia-2481;https://static.tokkobroker.com/pictures/6568944_89639683732259396460520660604724590155444573542473487543791254201602758563124.jpg
BILCIC;ZP-M-54658682;2025-02-14 01:40:46;Casa en Venta en Remedios De Escalada, Lanús;USD68.000;Ugarte 4000;https://www.bilcic.com/p/6682451-Casa-en-Venta-en-Remedios-De-Escalada-Ugarte-4000;https://static.tokkobroker.com/pictures/6682451_36198244157059018090026998791454936799527029118974048944621426923955604303672.jpg
BILCIC;ZP-M-54382340;2025-02-14 01:40:46;Casa en Venta en Lanús Este, Lanús;USD69.900;Pico 3400;https://www.bilcic.com/p/6682454-Casa-en-Venta-en-Lan%C3%BAs-Este-Pico-3400;https://static.tokkobroker.com/pictures/6682454_52780642930957253254187777327089597583553178983732002520371384984417771581084.jpg
BILCIC;ZP-M-51582495;2025-02-14 01:40:46;Casa en Venta en Valentin Alsina, Lanús;USD70.000;Farrel 1400;https://www.bilcic.com/p/6682457-Casa-en-Venta-en-Valentin-Alsina-Farrel-1400;https://static.tokkobroker.com/pictures/6682457_28473303718706091318714376609055884938723720131605670040797294236476351804146.jpg
BILCIC;ZP-M-54059565;2025-02-14 01:40:46;Casa en Venta en Lanús Oeste, Lanús;USD59.000;Jujuy 1700;https://www.bilcic.com/p/6682465-Casa-en-Venta-en-Lan%C3%BAs-Oeste-Jujuy-1700;https://static.tokkobroker.com/pictures/6682465_49756066175497597721658719186547374044501770139433937142417245510455144348935.jpg
BILCIC;ZP-M-51690370;2025-02-14 01:40:46;Casa en Venta en Lanús Oeste, Lanús;USD80.000;Hnos. Ros 3500;https://www.bilcic.com/p/6682472-Casa-en-Venta-en-Lan%C3%BAs-Oeste-Hnos.-Ros-3500;https://static.tokkobroker.com/pictures/6682472_79888185498499577630040291029585635086398418695709474972558337167702240027964.jpg
BILCIC;231-1551::ZP-M-43465195;2025-02-14 01:40:46;Casa en Venta en Lanús Oeste, Lanús;USD65.000;Moreno 2400;https://www.bilcic.com/p/6682474-Casa-en-Venta-en-Lan%C3%BAs-Oeste-Moreno-2400;https://static.tokkobroker.com/pictures/6682474_113055260414084666525846663629199386192572903198578063449412763964640569902699.jpg
BILCIC;231-1093::ZP-M-42833601;2025-02-14 01:40:46;Casa en Venta en Remedios De Escalada, Lanús;USD65.000;Lituania 2200;https://www.bilcic.com/p/6682477-Casa-en-Venta-en-Remedios-De-Escalada-Lituania-2200;https://static.tokkobroker.com/pictures/6682477_53598033958171778375954941415358112097043702011825093952299732306667194982559.jpg
BILCIC;231-1746::ZP-M-45409067;2025-02-14 01:40:46;Casa en Venta en Lanús Oeste, Lanús;USD42.000;Roberto Arlt 2800;https://www.bilcic.com/p/6682496-Casa-en-Venta-en-Lan%C3%BAs-Oeste-Roberto-Arlt-2800;https://static.tokkobroker.com/pictures/6682496_7339438899136701470601292377446911059181782519926486732875351442286514205913.jpg
BILCIC;ZP-M-50347207;2025-02-14 01:40:46;Casa en Venta en Lanús Oeste, Lanús;USD75.000;Murature 3100;https://www.bilcic.com/p/6682513-Casa-en-Venta-en-Lan%C3%BAs-Oeste-Murature-3100;https://static.tokkobroker.com/pictures/6682513_46179260614931084268350251316507377948795893045430888438107358166318730599416.jpg
Reyes Propiedades;RLA6133816;2025-02-14 01:40:56;Casa en Venta en Lanús Oeste, Lanús;USD57.000;NOYA  1287;https://www.reyespropiedades.com/p/6133816-Casa-en-Venta-en-Lan%C3%BAs-Oeste-NOYA--al-1200;https://static.tokkobroker.com/water_pics/10460286842123813988502425517069103161673579461712046892541539956464081532271.jpg
Reyes Propiedades;RHO3730956;2025-02-14 01:40:56;Casa en Venta en Remedios De Escalada, Lanús;USD75.000;GUARRACINO (EX PERGAMINO)2890;https://www.reyespropiedades.com/p/3730956-Casa-en-Venta-en-Remedios-De-Escalada-GUARRACINO-(EX-PERGAMINO)2890;https://static.tokkobroker.com/water_pics/84333479239943893134596382941525084345682782205934677381745286681594886113310.jpg
Gomez Lama;ZP-M-49332807;2025-02-14 01:41:05;Casa en Venta en Lanús Este, Lanús;USD79.900;Roma 4162;https://www.gomezlama.com.ar/p/4777429-Casa-en-Venta-en-Lan%C3%BAs-Este-Roma-4162;https://static.tokkobroker.com/pictures/4777429_43451225319731165793449401259999343496297371394829960576527325750145930387447.jpg
Gomez Lama;GHO6076923;2025-02-14 01:41:05;Casa en Venta en Lanús Oeste, Lanús;USD59.500;Manuel Maza al 1500;https://www.gomezlama.com.ar/p/6076923-Casa-en-Venta-en-Lan%C3%BAs-Oeste-Manuel-Maza-al-1500;https://static.tokkobroker.com/pictures/32136622766901871003768751241771079484916238812623332038222131301330088994079.jpg
Gomez Lama;GHO6296811;2025-02-14 01:41:05;Casa en Venta en Lanús Este, Lanús;USD75.000;Fray M Esquiu al 2900;https://www.gomezlama.com.ar/p/6296811-Casa-en-Venta-en-Lan%C3%BAs-Este-Fray-M-Esquiu-al-2900;https://static.tokkobroker.com/pictures/6296811_31882970113242703352156134730412718359949596629046736726982510701057222717554.jpg
Gomez Lama;ZP-M-50795474;2025-02-14 01:41:05;Casa en Venta en Lanús Oeste, Lanús;USD75.000;Rincon 2568;https://www.gomezlama.com.ar/p/4777403-Casa-en-Venta-en-Lan%C3%BAs-Oeste-Rincon-2568;https://static.tokkobroker.com/pictures/109622846384313057020196372628149733934861202547869085582890401788307381966306.jpg
Gomez Lama;GHO5742232;2025-02-14 01:41:05;Casa en Venta en Lanús Este, Lanús;USD65.000;Guarracino al 2600;https://www.gomezlama.com.ar/p/5742232-Casa-en-Venta-en-Lan%C3%BAs-Este-Guarracino-al-2600;https://static.tokkobroker.com/pictures/84284254621114269072701035019145935291053923526020548966270795130199486130510.jpg
